,Disc
13:19:17,75.40229885057471
13:19:21,71.29542438899115
13:19:25,79.65623491851358
13:19:29,74.7800586510264
13:19:33,78.20966003543961
13:19:37,79.06041927136336
13:19:41,75.0
13:19:45,73.34070615220776
13:19:49,75.23841961852862
13:19:53,76.97602935131388
13:19:57,76.26965812794508
13:20:01,76.99796570764312
13:20:05,79.85957162417682
13:20:09,79.30046906007577
13:20:13,79.36378021498336
13:20:17,76.95196226587902
13:20:21,72.56410256410255
13:20:25,71.09375
13:20:29,79.16666666666666
13:20:33,80.95238095238095
13:20:37,78.11877254110887
13:20:41,74.63551599915237
13:20:45,70.1500509071487
13:20:49,71.64130434782608
13:20:53,69.43971787524796
13:20:57,72.75747508305648
13:21:01,76.01010101010101
13:21:05,82.33766233766234
13:21:09,76.90084481991997
13:21:13,78.32167832167832
13:21:17,73.80909173396245
13:21:21,79.10798122065728
13:21:25,77.73722627737226
13:21:29,68.43373493975903
13:21:33,80.43478260869566
13:21:37,76.13636363636364
13:21:41,78.09110629067246
13:21:45,75.8927087044294
13:21:49,74.40476190476191
13:21:53,74.43609022556392
13:21:57,76.69743677291905
13:22:01,69.78851963746223
13:22:05,77.16535433070865
13:22:09,77.6255707762557
13:22:13,71.29629629629629
13:22:17,79.03475431549548
13:22:21,73.7813720022309
13:22:25,76.32610268503134
13:22:29,76.66585707346344
13:22:33,77.41935483870968
13:22:37,75.58638231089424
13:22:41,70.1086956521739
13:22:45,74.3142144638404
13:22:49,66.0377358490566
13:22:53,80.28503562945369
13:22:57,77.83641160949868
13:23:01,75.44642857142857
13:23:05,74.3784260530752
13:23:09,77.75
13:23:13,75.0
13:23:17,71.5954219525648
13:23:21,81.53493013972056
13:23:25,79.04328018223235
13:23:29,69.68271334792122
13:23:33,79.71543451531298
13:23:37,69.62962962962963
13:23:41,74.19513952392829
13:23:45,77.86458333333334
13:23:49,75.32467532467533
13:23:53,79.04040404040404
13:23:57,76.40449438202246
13:24:01,76.3586956521739
13:24:05,75.84051125312587
13:24:09,81.96492483894059
13:24:13,76.15571776155717
13:24:17,77.77777777777779
13:24:21,78.48101265822784
13:24:25,75.46853449441544
13:24:29,76.71232876712328
13:24:33,74.21383647798741
13:24:37,77.38437621453555
13:24:41,76.61323724320742
13:24:45,72.32558139534883
13:24:49,77.19145000513822
13:24:53,80.71428571428572
13:24:57,69.07514450867052
13:25:01,79.86425339366517
13:25:05,75.2984887224911
13:25:09,77.31092436974791
13:25:13,73.16270425152946
13:25:17,78.56511740498668
13:25:21,75.4328676672001
13:25:25,76.4018691588785
13:25:29,74.27385892116183
13:25:33,68.48958333333334
13:25:37,71.23287671232876
13:25:41,77.80620032335749
13:25:45,75.75524744176299
13:25:49,79.35779816513761
13:25:53,75.44910179640718
13:25:57,73.62738643844635
13:26:01,75.71059431524549
13:26:05,70.09575438240957
13:26:09,80.06134969325154
13:26:13,77.56187993520956
13:26:17,75.82086359002757
13:26:21,77.31776328409745
13:26:25,74.13793103448276
13:26:29,73.15175097276264
13:26:33,75.2211634191438
13:26:37,73.10929532469129
13:26:41,76.4647756335736
13:26:45,78.61130909954859
13:26:49,81.22270742358079
13:26:53,74.16666666666667
13:26:57,80.41484942886812
13:27:01,76.92912787383621
13:27:05,75.18254418424583
13:27:09,77.74725274725274
13:27:13,78.93095153594385
13:27:17,74.92795389048992
13:27:21,75.64213356378127
13:27:25,72.88503253796095
13:27:29,77.07858740313101
13:27:33,71.571072319202
13:27:37,80.0925925925926
13:27:41,82.24226306158864
13:27:45,78.67647058823529
13:27:49,76.97845595918618
13:27:53,72.84801814708692
13:27:57,74.84050070664243
13:28:01,79.3252807126281
13:28:05,75.22935779816514
13:28:09,78.29181494661923
13:28:13,78.44976688223792
13:28:17,77.97767603315677
13:28:21,75.39006286450049
13:28:25,77.36389684813754
13:28:29,83.00492610837439
13:28:33,78.3641160949868
13:28:37,76.77261613691931
13:28:41,79.41114215561764
13:28:45,75.47653958944281
13:28:49,75.3891692546584
13:28:53,77.57437070938215
13:28:57,73.34905660377359
13:29:01,78.34549878345499
13:29:05,78.26086956521739
13:29:09,77.06007652558084
13:29:13,73.50265699102908
13:29:17,74.46043165467626
13:29:21,73.34401856072046
13:29:25,76.32851126167368
13:29:29,77.64833682948756
13:29:33,76.66073187362679
13:29:37,73.24675324675324
13:29:41,77.25947521865889
13:29:45,70.45454545454545
13:29:49,75.3048780487805
13:29:53,74.7456976521016
13:29:57,76.3642123516073
13:30:01,71.6595207105122
13:30:05,78.91151425398
13:30:09,75.72159235227561
13:30:13,74.56466069142125
13:30:17,71.81208053691275
13:30:21,72.05568593983358
13:30:25,74.76635514018692
13:30:29,79.28268765133171
13:30:33,78.08564231738035
13:30:37,79.65621946111965
13:30:41,79.61783439490446
13:30:45,78.37094111172263
13:30:49,76.94235588972431
13:30:53,74.6642322213282
13:30:57,71.50127226463104
13:31:01,75.62583757705708
13:31:05,75.44037940379404
13:31:09,76.49608345398522
13:31:13,73.22175732217573
13:31:17,75.11848341232228
13:31:21,79.70149253731343
13:31:25,71.56852167533391
13:31:29,69.5561282932417
13:31:33,78.00241926935571
13:31:37,74.38692098092643
13:31:41,75.53191489361703
13:31:45,80.47619047619048
13:31:49,71.38810198300283
13:31:53,72.40437158469946
13:31:57,76.5671031096563
13:32:01,76.85589519650655
13:32:05,73.90243902439025
13:32:09,74.33414043583535
13:32:13,77.7437776322253
13:32:17,74.14486999242975
13:32:21,75.10548523206751
13:32:25,68.56161940431605
13:32:29,75.376853692096
13:32:33,76.7337807606264
13:32:37,75.44479596430531
13:32:41,71.74601132269687
13:32:45,73.59942886812046
13:32:49,81.32295719844358
13:32:53,72.6962457337884
13:32:57,76.35327635327636
13:33:01,72.68041237113401
13:33:05,74.40277021243483
13:33:09,78.23880398797158
13:33:13,73.11290778138681
13:33:17,69.06906906906907
13:33:21,66.17877492877493
13:33:25,72.70178041543028
13:33:29,77.04918032786885
13:33:33,74.33414043583535
13:33:37,78.48484848484848
13:33:41,77.28918697650985
13:33:45,76.91008671839343
13:33:49,76.07142857142857
13:33:53,79.33647130276344
13:33:57,74.80314960629921
13:34:01,79.06511932326012
13:34:05,70.56074766355141
13:34:09,75.29758593836911
13:34:13,73.75415282392026
13:34:17,70.05347593582889
13:34:21,79.53020134228188
13:34:25,77.51005698960778
13:34:29,79.80784957703355
13:34:33,75.06631299734748
13:34:37,78.99686520376176
13:34:41,71.901275140054
13:34:45,77.55102040816327
13:34:49,78.515625
13:34:53,79.16666666666666
13:34:57,76.29427792915531
13:35:01,75.23364485981308
13:35:05,76.28865979381443
13:35:09,76.17801047120419
13:35:13,77.91868287501475
13:35:17,81.38801261829653
13:35:21,78.49462365591397
13:35:25,77.79087348916708
13:35:29,76.35749385749386
13:35:33,72.84537501928806
13:35:37,73.72045412246418
13:35:41,80.5
13:35:45,75.95907928388746
13:35:49,78.99382347081092
13:35:53,75.6542699724518
13:35:57,75.0
13:36:01,71.8117362408502
13:36:05,76.4016659295297
13:36:09,76.8062986645787
13:36:13,77.71552374407027
13:36:17,75.24509803921569
13:36:21,79.11865959064855
13:36:25,77.7262180974478
13:36:29,73.13432835820896
13:36:33,75.33146851297107
13:36:37,71.71428571428572
13:36:41,80.9659090909091
13:36:45,80.84577114427861
13:36:49,81.78695097503189
13:36:53,77.34833234818768
13:36:57,77.82340862422998
13:37:01,80.74534161490683
13:37:05,76.31578947368422
13:37:09,77.27961880008664
13:37:13,75.43421171783031
13:37:17,74.13333333333333
13:37:21,80.53261897258115
13:37:25,68.94736842105263
13:37:29,78.239608801956
13:37:33,75.26389668725434
13:37:37,76.71777650125932
13:37:41,77.34939759036145
13:37:45,77.718976969396
13:37:49,76.42276422764228
13:37:53,75.65982404692082
13:37:57,78.86816678272982
13:38:01,79.54355512696883
13:38:05,74.73684210526315
13:38:09,79.73786600778166
13:38:13,73.31786542923435
13:38:17,79.5669321784858
13:38:21,77.8286270691334
13:38:25,79.06106825958359
13:38:29,80.09700655959688
13:38:33,83.34364143594061
13:38:37,78.19148936170212
13:38:41,71.36075949367088
13:38:45,80.17118402282453
13:38:49,74.74402730375427
13:38:53,76.11773203322498
13:38:57,77.80353968621996
13:39:01,72.44582043343654
13:39:05,77.2
13:39:09,74.73118279569893
13:39:13,73.72392531264762
13:39:17,74.10714285714286
13:39:21,79.1005291005291
13:39:25,74.67105263157895
13:39:29,76.94369973190348
13:39:33,77.00534759358288
13:39:37,73.05879560558796
13:39:41,74.76287262872629
13:39:45,78.54251012145748
13:39:49,78.52193995381063
13:39:53,69.98284411941495
13:39:57,73.568281938326
13:40:01,79.10112359550561
13:40:05,74.9742523271935
13:40:09,78.8397981485101
13:40:13,79.78436657681941
13:40:17,81.58844765342961
13:40:21,75.19505784474016
13:40:25,79.00552486187846
13:40:29,76.64992826398851
13:40:33,80.24982860276978
13:40:37,77.1256107333971
13:40:41,79.52755905511812
13:40:45,77.64414979943044
13:40:49,75.28054862842892
13:40:53,72.20630372492836
13:40:57,73.97182545777233
13:41:01,76.47430981595093
13:41:05,76.45923234158528
13:41:09,77.56410256410257
13:41:13,77.36229549428701
13:41:17,73.33333333333333
13:41:21,74.78753541076487
13:41:25,70.80432172869148
13:41:29,77.66990291262135
13:41:33,79.54545454545455
13:41:37,79.66101694915254
13:41:41,81.70731707317073
13:41:45,80.34188034188034
13:41:49,78.52367830169422
13:41:53,80.17492711370262
13:41:57,67.30245231607628
13:42:01,76.36572692483236
13:42:05,78.84130982367759
13:42:09,79.54768928220255
13:42:13,76.19047619047619
13:42:17,78.0952380952381
13:42:21,78.67254074625632
13:42:25,75.0746147935455
13:42:29,80.15270738863698
13:42:33,74.67655428777388
13:42:37,74.66011466011466
13:42:41,75.44126068638279
13:42:45,73.21016166281755
13:42:49,77.69665683382499
13:42:53,76.21630727762803
13:42:57,76.59198113207549
13:43:01,80.32786885245902
13:43:05,80.31180637478266
13:43:09,81.86046511627907
13:43:13,78.30188679245283
13:43:17,78.67320291382234
13:43:21,79.13037166085947
13:43:25,78.62745098039215
13:43:29,81.15183246073299
13:43:33,77.40072260656828
13:43:37,77.08333333333334
13:43:41,75.5
13:43:45,74.20520792848815
13:43:49,75.82938388625593
13:43:53,75.82781456953643
13:43:57,77.2593065475003
13:44:01,75.39503386004515
13:44:05,78.84325058770246
13:44:09,74.07998946777626
13:44:13,78.19905540518147
13:44:17,77.90713677994094
13:44:21,79.50019149751053
13:44:25,76.03305785123968
13:44:29,73.68421052631578
13:44:33,76.87089030372613
13:44:37,78.47020348837209
13:44:41,79.07542579075427
13:44:45,75.76530612244898
13:44:49,74.6268656716418
13:44:53,77.68961807423345
13:44:57,78.27050997782705
13:45:01,74.10080439620555
13:45:05,75.04297893327697
13:45:09,82.01793062904174
13:45:13,76.66107630839048
13:45:17,76.61469933184856
13:45:21,74.5679012345679
13:45:25,81.07255520504731
13:45:29,76.67690732206862
13:45:33,75.84415584415585
13:45:37,79.16529770379293
13:45:41,76.44341801385681
13:45:45,80.55997472934556
13:45:49,79.2192780259606
13:45:53,80.28571428571428
13:45:57,73.77504181048286
13:46:01,82.06896551724138
13:46:05,76.63598213077027
13:46:09,76.47058823529412
13:46:13,76.88311688311688
13:46:17,78.6082474226804
13:46:21,79.10542121068437
13:46:25,79.3103448275862
13:46:29,79.06403940886699
13:46:33,74.51293155298929
13:46:37,80.87913057046137
13:46:41,77.55610972568579
13:46:45,78.58861903292635
13:46:49,74.97366056211459
13:46:53,79.42708333333334
13:46:57,76.31163241952336
13:47:01,78.97413813170698
13:47:05,79.76269950352024
13:47:09,78.48995983935743
13:47:13,74.24242424242425
13:47:17,72.77777777777777
13:47:21,71.1854693698269
13:47:25,78.2275657403404
13:47:29,78.419452887538
13:47:33,79.5650171988841
13:47:37,82.99776286353467
13:47:41,79.08496732026144
13:47:45,80.09367681498829
13:47:49,79.23850574712642
13:47:53,76.8679676511955
13:47:57,78.01418439716312
13:48:01,77.53036437246963
13:48:05,76.23863826465175
13:48:09,77.02702702702703
13:48:13,70.82265798991297
13:48:17,78.50801838313716
13:48:21,78.27298050139275
13:48:25,80.33240997229917
13:48:29,76.47385212928283
13:48:33,80.93577022166671
13:48:37,76.35281385281385
13:48:41,82.37288135593221
13:48:45,73.92120075046904
13:48:49,75.29976019184652
13:48:53,78.83823529411764
13:48:57,74.54913570164693
13:49:01,77.41935483870968
13:49:05,78.70813397129187
13:49:09,79.1538854805726
13:49:13,75.18987341772151
13:49:17,77.03960402556459
13:49:21,74.01574803149606
13:49:25,77.9144908616188
13:49:29,75.67332376104076
13:49:33,74.73684210526315
13:49:37,75.33206121150896
13:49:41,76.84210526315789
13:49:45,77.8688524590164
13:49:49,75.16425755584757
13:49:53,77.94561933534743
13:49:57,81.47917056633598
13:50:01,80.01539063518976
13:50:05,80.4018335736202
13:50:09,70.09426913949196
13:50:13,78.52760736196319
13:50:17,75.0
13:50:21,70.64516129032258
13:50:25,76.57894736842105
13:50:29,77.89403828114085
13:50:33,80.43367346938776
13:50:37,77.23275408109531
13:50:41,78.52193995381063
13:50:45,79.03728268515727
13:50:49,78.62595419847328
13:50:53,76.843790057648
13:50:57,77.90697674418605
13:51:01,74.5201002045596
13:51:05,80.4953560371517
13:51:09,81.31868131868131
13:51:13,78.8968824940048
13:51:17,77.09163346613546
13:51:21,79.62962962962963
13:51:25,77.34416934416934
13:51:29,76.17021276595744
13:51:33,77.55013664883175
13:51:37,75.60975609756098
13:51:41,80.14491601759126
13:51:45,82.41758241758241
13:51:49,77.6536312849162
13:51:53,78.2241493808352
13:51:57,79.86750296912113
13:52:01,79.57957957957959
13:52:05,81.06003587924778
13:52:09,73.82198952879581
13:52:13,79.55751760743085
13:52:17,78.13362864525655
13:52:21,73.41176470588235
13:52:25,78.58032420048751
13:52:29,76.4179104477612
13:52:33,75.40106951871658
13:52:37,78.79858657243817
13:52:41,77.6686317174375
13:52:45,79.14804009223096
13:52:49,76.67844047498906
13:52:53,80.85618085618086
13:52:57,81.52492668621701
13:53:01,81.11358646519437
13:53:05,78.59007832898173
13:53:09,78.94736842105263
13:53:13,80.47018668152688
13:53:17,83.9611673061272
13:53:21,77.34939759036145
13:53:25,76.80798004987531
13:53:29,78.32518091664433
13:53:33,81.3955223880597
13:53:37,80.0
13:53:41,79.17737789203085
13:53:45,76.7662074669861
13:53:49,72.71645008082808
13:53:53,73.82352941176471
13:53:57,77.31958762886599
13:54:01,79.3103448275862
13:54:05,76.63735678124168
13:54:09,79.6875
13:54:13,78.07061098625412
13:54:17,73.1817364865877
13:54:21,78.32038094452804
13:54:25,78.83211678832117
13:54:29,69.83225108225109
13:54:33,79.65024072500708
13:54:37,77.5
13:54:41,75.5441915554275
13:54:45,76.62921348314606
13:54:49,72.10998025216466
13:54:53,76.0752688172043
13:54:57,74.08253205128206
13:55:01,68.9467848271001
13:55:05,78.94565250356351
13:55:09,75.25354969574036
13:55:13,73.93498924581975
13:55:17,78.80434782608695
13:55:21,76.77053824362606
13:55:25,78.16058530421172
13:55:29,81.20805369127517
13:55:33,76.88564476885644
13:55:37,74.93403693931398
13:55:41,71.96261682242991
13:55:45,72.30036942313157
13:55:49,74.61139896373057
13:55:53,71.23287671232876
13:55:57,74.50579507936288
13:56:01,74.12935323383084
13:56:05,74.80730685131195
13:56:09,74.05208333333333
13:56:13,78.22497209289662
13:56:17,78.95084566596195
13:56:21,74.78260869565217
13:56:25,78.23046188589487
13:56:29,74.40918563957375
13:56:33,75.89285714285714
13:56:37,76.66516917029342
13:56:41,69.89473684210526
13:56:45,72.00670604432207
13:56:49,81.45539906103286
13:56:53,74.16852986071964
13:56:57,78.08564231738035
13:57:01,76.62337662337663
13:57:05,77.03703703703704
13:57:09,70.61068702290076
13:57:13,71.57800739890293
13:57:17,79.66101694915254
13:57:21,76.98634463340346
13:57:25,76.96629213483146
13:57:29,75.05678298575262
13:57:33,77.89913236249666
13:57:37,78.83817427385893
13:57:41,78.72928176795581
13:57:45,74.62332285278461
13:57:49,77.00534759358288
13:57:53,75.37480400965417
13:57:57,76.96900114810563
13:58:01,75.895572450805
13:58:05,77.1712158808933
13:58:09,75.87505087505087
13:58:13,76.89969604863222
13:58:17,72.52475247524752
13:58:21,77.70700636942675
13:58:25,72.95081967213115
13:58:29,70.77464788732394
13:58:33,79.58579881656804
13:58:37,78.86606484893146
13:58:41,70.66988903260943
13:58:45,71.98037344963882
13:58:49,76.47058823529412
13:58:53,82.02380952380952
13:58:57,76.26451534042293
13:59:01,77.11171662125341
13:59:05,74.5019920318725
13:59:09,72.38503219949501
13:59:13,80.38740920096852
13:59:17,76.0577003078459
13:59:21,75.45094359295173
13:59:25,78.2340862422998
13:59:29,79.72972972972973
13:59:33,83.56534485566743
13:59:37,76.05987801302815
13:59:41,77.11442786069652
13:59:45,73.05634301913537
13:59:49,80.62588318417335
13:59:53,81.81818181818183
13:59:57,74.80939270397629
14:00:01,74.68354430379746
14:00:05,74.73684210526315
14:00:09,74.65437788018433
14:00:13,71.50537634408603
14:00:17,80.34188034188034
14:00:21,72.52747252747253
14:00:25,80.41958041958041
14:00:29,77.25
14:00:33,74.72059693642758
14:00:37,78.2730364873222
14:00:41,74.54545454545455
14:00:45,80.02104447449592
14:00:49,78.07308970099668
14:00:53,78.57738095238095
14:00:57,80.11049723756905
14:01:01,79.26829268292683
14:01:05,81.37823687561907
14:01:09,75.37091988130564
14:01:13,77.01103855721392
14:01:17,82.41758241758241
14:01:21,80.93132883169831
14:01:25,79.00262467191601
14:01:29,75.61601030460606
14:01:33,78.14207650273224
14:01:37,78.55153203342618
14:01:41,74.72826086956522
14:01:45,79.40342178147056
14:01:49,78.51662404092072
14:01:53,77.69733693491997
14:01:57,76.93671443243507
14:02:01,70.72328931572629
14:02:05,76.44444444444444
14:02:09,78.80876400996264
14:02:13,78.44311377245509
14:02:17,77.89765027557904
14:02:21,76.32241813602015
14:02:25,82.78260869565217
14:02:29,78.32369942196532
14:02:33,73.51351351351352
14:02:37,74.59582790091265
14:02:41,72.48701241875304
14:02:45,79.12377486516266
14:02:49,80.52325581395348
14:02:53,72.77025574897915
14:02:57,77.68596180486158
14:03:01,79.2332835693287
14:03:05,76.629061308834
14:03:09,78.33935018050542
14:03:13,78.02392739273927
14:03:17,80.51864156515319
14:03:21,81.03975535168195
14:03:25,79.41187925998052
14:03:29,75.7847533632287
14:03:33,76.28032345013477
14:03:37,76.44390622921901
14:03:41,76.61538461538461
14:03:45,78.0952380952381
14:03:49,74.38416977965458
14:03:53,70.43664267282358
14:03:57,71.96019553072625
14:04:01,79.15632754342433
14:04:05,75.57046383508086
14:04:09,78.01418439716312
14:04:13,80.22187538254377
14:04:17,71.71378982139858
14:04:21,63.811563169164884
14:04:25,73.33333333333333
14:04:29,75.28089887640449
14:04:33,81.61946212810186
14:04:37,77.05528846153847
14:04:41,74.1484525266655
14:04:45,78.45020514733308
14:04:49,77.54126277181032
14:04:53,75.47770700636943
14:04:57,75.32201405152225
14:05:01,79.60366364855803
14:05:05,76.22377622377621
14:05:09,78.51678764376389
14:05:13,74.87289930800733
14:05:17,71.35922330097088
14:05:21,75.84770114942529
14:05:25,78.0888888888889
14:05:29,79.22848664688428
14:05:33,74.43335445711871
14:05:37,73.50349610596328
14:05:41,73.75158393222158
14:05:45,74.55663159572772
14:05:49,76.03911980440098
14:05:53,78.83455813077069
14:05:57,78.88888888888889
14:06:01,78.51051593821886
14:06:05,75.64839772386942
14:06:09,71.82044887780549
14:06:13,78.1363041637805
14:06:17,77.09497206703911
14:06:21,72.82552587430636
14:06:25,76.88679245283019
14:06:29,76.57694962042788
14:06:33,72.09302325581395
14:06:37,73.93939393939394
14:06:41,73.39246119733924
14:06:45,75.32642675390765
14:06:49,76.45259938837921
14:06:53,79.12621359223301
14:06:57,76.75544794188862
14:07:01,72.27722772277228
14:07:05,77.25966105850264
14:07:09,73.82198952879581
14:07:13,77.87356321839081
14:07:17,73.79134860050891
14:07:21,74.72527472527473
14:07:25,77.28813559322035
14:07:29,79.76339291203364
14:07:33,74.3801652892562
14:07:37,79.95824634655533
14:07:41,78.33360077021823
14:07:45,79.12528975760524
14:07:49,76.8482335431805
14:07:53,75.86206896551724
14:07:57,76.60818713450293
14:08:01,81.5956962512913
14:08:05,81.47021395052892
14:08:09,76.99386503067484
14:08:13,76.28865979381443
14:08:17,72.3463687150838
14:08:21,77.40376978874359
14:08:25,80.58275058275058
14:08:29,81.69934640522875
14:08:33,79.85865724381625
14:08:37,69.60352422907489
14:08:41,81.16432833413965
14:08:45,77.24550898203593
14:08:49,80.6282722513089
14:08:53,79.17737789203085
14:08:57,72.38658777120315
14:09:01,75.28089887640449
14:09:05,81.4385150812065
14:09:09,77.71164021164022
14:09:13,73.49397590361446
14:09:17,77.5
14:09:21,75.29517236713015
14:09:25,74.98025623025623
14:09:29,76.94170166080279
14:09:33,77.23577235772358
14:09:37,82.20310040685416
14:09:41,76.95382379248659
14:09:45,75.73034442193321
14:09:49,80.09049773755656
14:09:53,80.0
14:09:57,77.37418831168831
14:10:01,82.28587240322398
14:10:05,73.83371959555787
14:10:09,80.45454545454545
14:10:13,78.7465940054496
14:10:17,77.2052607735168
14:10:21,72.71825396825396
14:10:25,81.52610441767068
14:10:29,76.67113868857957
14:10:33,76.99530516431925
14:10:37,74.28571428571429
14:10:41,77.52253882786783
14:10:45,78.64321608040201
14:10:49,72.72727272727273
14:10:53,77.25
14:10:57,73.77741529119157
14:11:01,76.01909015280879
14:11:05,79.23301336344815
14:11:09,77.66990291262135
14:11:13,76.33957219251337
14:11:17,79.82456140350878
14:11:21,72.20216606498195
14:11:25,79.66098237597912
14:11:29,80.98025711662076
14:11:33,75.02467105263158
14:11:37,75.58823529411765
14:11:41,75.2
14:11:45,77.95566502463053
14:11:49,75.92693825165185
14:11:53,74.0365111561866
14:11:57,79.47214076246334
14:12:01,72.6829268292683
14:12:05,77.42361858419503
14:12:09,72.98122804257774
14:12:13,75.06561679790026
14:12:17,78.27102803738318
14:12:21,75.23364485981308
14:12:25,74.47698744769873
14:12:29,75.21205927439959
14:12:33,76.94522916565194
14:12:37,74.60317460317461
14:12:41,79.92906918865107
14:12:45,73.10924369747899
14:12:49,79.66756674328477
14:12:53,73.43559597072962
14:12:57,78.68480725623583
14:13:01,81.60368490317728
14:13:05,77.98959218351742
14:13:09,78.11064525079385
14:13:13,81.74045915324986
14:13:17,78.94736842105263
14:13:21,80.70075691816257
14:13:25,74.58563535911603
14:13:29,75.16311439756416
14:13:33,76.04515899624099
14:13:37,78.30188679245283
14:13:41,75.40346577980046
14:13:45,77.37556561085974
14:13:49,79.2022792022792
14:13:53,80.6701030927835
14:13:57,77.18550106609808
14:14:01,73.70356561822126
14:14:05,78.95459081836327
14:14:09,76.97368421052632
14:14:13,79.78436657681941
14:14:17,74.0053050397878
14:14:21,81.68168168168168
14:14:25,75.4601226993865
14:14:29,80.04675838503732
14:14:33,73.34331337325348
14:14:37,75.37688442211056
14:14:41,79.90591397849462
14:14:45,74.4186046511628
14:14:49,80.21955260977631
14:14:53,75.33783783783784
14:14:57,75.42815674891146
14:15:01,72.16981132075472
14:15:05,77.70186335403727
14:15:09,72.46753246753246
14:15:13,77.4798927613941
14:15:17,77.06666666666668
14:15:21,79.28653772255669
14:15:25,69.1858753569431
14:15:29,74.5618815430948
14:15:33,79.71360381861575
14:15:37,79.50276243093923
14:15:41,74.8792270531401
14:15:45,78.6242533099291
14:15:49,69.24051635384494
14:15:53,81.59203980099502
14:15:57,78.90600165299765
14:16:01,76.34408602150538
14:16:05,83.61111111111111
14:16:09,74.88789237668162
14:16:13,75.53614651568239
14:16:17,79.1643494554197
14:16:21,77.8393351800554
14:16:25,80.3902781769985
14:16:29,76.51016746411483
14:16:33,76.60829607550919
14:16:37,78.99408284023669
14:16:41,75.93984962406014
14:16:45,80.4
14:16:49,82.61317430197886
14:16:53,74.79430526023852
14:16:57,78.81018518518519
14:17:01,76.57266811279827
14:17:05,75.21035483890041
14:17:09,81.53846153846153
14:17:13,80.2047781569966
14:17:17,69.0853888156656
14:17:21,77.35977913397268
14:17:25,82.29426433915212
14:17:29,75.2659574468085
14:17:33,80.71065989847716
14:17:37,79.88380700298333
14:17:41,77.99145299145299
14:17:45,75.71820773181656
14:17:49,81.17647058823529
14:17:53,76.81118881118881
14:17:57,74.53416149068323
14:18:01,75.40869079223138
14:18:05,73.11238742698627
14:18:09,80.68311815656153
14:18:13,75.02972180391535
14:18:17,79.14893617021276
14:18:21,77.69423558897243
14:18:25,78.84615384615384
14:18:29,74.40476190476191
14:18:33,73.71105748135147
14:18:37,76.17924528301887
14:18:41,78.09494487450152
14:18:45,75.0
14:18:49,75.56953135480205
14:18:53,77.36846798644552
14:18:57,76.38175653433406
14:19:01,82.6923076923077
14:19:05,75.13846246463187
14:19:09,70.79646017699115
14:19:13,74.37276617757713
14:19:17,77.81871218668972
14:19:21,71.48288973384031
14:19:25,74.7169127638373
14:19:29,79.182156133829
14:19:33,74.87179487179488
14:19:37,79.496891996892
14:19:41,77.82979407979408
14:19:45,76.44341801385681
14:19:49,77.35194974335403
14:19:53,79.60199004975125
14:19:57,77.56410256410257
14:20:01,77.720207253886
14:20:05,77.34594540345243
14:20:09,78.74298540965208
14:20:13,76.81818181818181
14:20:17,77.27272727272727
14:20:21,77.85467128027682
14:20:25,75.75
14:20:29,76.55172413793103
14:20:33,77.99352750809061
14:20:37,76.7880818824215
14:20:41,74.72826086956522
14:20:45,77.69256987048398
14:20:49,75.12562814070351
14:20:53,75.84411239964317
14:20:57,75.82417582417582
14:21:01,67.13483146067416
14:21:05,71.12097933627679
14:21:09,78.68774932441127
14:21:13,75.94339622641509
14:21:17,78.241320898483
14:21:21,70.90163934426229
14:21:25,79.16666666666666
14:21:29,73.34353562005276
14:21:33,78.40881468688032
14:21:37,76.45259938837921
14:21:41,77.59138347642795
14:21:45,80.06756756756756
14:21:49,76.47058823529412
14:21:53,77.3542600896861
14:21:57,78.50330050478308
14:22:01,77.48322436801914
14:22:05,75.97758507853402
14:22:09,79.5505617977528
14:22:13,75.80174927113703
14:22:17,81.04363346014748
14:22:21,79.90929705215419
14:22:25,81.23249299719888
14:22:29,76.16356567620105
14:22:33,75.55065005945072
14:22:37,76.75747279860859
14:22:41,81.97424892703863
14:22:45,73.27586206896551
14:22:49,78.31632653061224
14:22:53,72.77628032345014
14:22:57,74.80106100795756
14:23:01,78.854018994091
14:23:05,76.6025641025641
14:23:09,74.50436476444702
14:23:13,79.25407925407926
14:23:17,77.63713080168776
14:23:21,78.13485949079168
14:23:25,80.45494850283063
14:23:29,76.1235505797681
14:23:33,76.88787185354691
14:23:37,78.05779786890538
14:23:41,80.97165991902834
14:23:45,74.90196078431373
14:23:49,77.04754906463367
14:23:53,75.79617834394905
14:23:57,81.86046511627907
14:24:01,73.44665507694289
14:24:05,75.76601671309191
14:24:09,78.08075117370892
14:24:13,73.44827586206897
14:24:17,74.85549132947978
14:24:21,78.03468208092485
14:24:25,76.84210526315789
14:24:29,79.16666666666666
14:24:33,79.04593639575972
14:24:37,74.76190476190476
14:24:41,76.5625
14:24:45,78.96545446270083
14:24:49,78.30642574575003
14:24:53,78.14726840855107
14:24:57,75.43352601156069
14:25:01,71.60804020100502
14:25:05,74.87046632124353
14:25:09,79.79539641943734
14:25:13,71.91601049868767
14:25:17,75.79064138765632
14:25:21,73.65181319416565
14:25:25,80.15075376884423
14:25:29,76.99757869249395
14:25:33,78.59078590785907
14:25:37,75.60606060606061
14:25:41,76.16926503340757
14:25:45,79.59541125412883
14:25:49,78.714859437751
14:25:53,76.2443438914027
14:25:57,77.38426823678736
14:26:01,80.0
14:26:05,80.82191780821918
14:26:09,75.59523809523809
14:26:13,77.02675572371723
14:26:17,73.17782285327924
14:26:21,76.61319073083779
14:26:25,72.41379310344827
14:26:29,74.36176091361209
14:26:33,81.19122257053291
14:26:37,80.48192771084337
14:26:41,78.88198757763976
14:26:45,75.89963559064682
14:26:49,78.0327868852459
14:26:53,77.62430939226519
14:26:57,83.81740269015594
14:27:01,75.56179775280899
14:27:05,73.97365196078431
14:27:09,76.81498829039812
14:27:13,73.83419689119171
14:27:17,83.69565217391305
14:27:21,79.34923266676101
14:27:25,78.52028639618138
14:27:29,82.47978436657682
14:27:33,76.98412698412699
14:27:37,79.97502824186931
14:27:41,75.53191489361703
14:27:45,79.58458172825415
14:27:49,73.0533675219982
14:27:53,71.10729145806911
14:27:57,78.2369978144601
14:28:01,77.66429680697313
14:28:05,74.4186046511628
14:28:09,76.2956343224658
14:28:13,78.10026385224275
14:28:17,82.92682926829268
14:28:21,79.92957746478874
14:28:25,77.29402577118314
14:28:29,78.2051282051282
14:28:33,78.7007560684441
14:28:37,80.89887640449437
14:28:41,77.48538011695906
14:28:45,78.29099307159353
14:28:49,80.42718151413804
14:28:53,74.60919772954179
14:28:57,80.26905829596413
14:29:01,72.68518518518519
14:29:05,74.39024390243902
14:29:09,76.92993580090355
14:29:13,76.36363636363637
14:29:17,74.79892761394102
14:29:21,80.3921568627451
14:29:25,77.9675866606642
14:29:29,78.13852813852814
14:29:33,75.86521456873587
14:29:37,75.41666666666667
14:29:41,72.8862973760933
14:29:45,75.6545448462748
14:29:49,78.35051546391753
14:29:53,73.76344086021506
14:29:57,76.82926829268293
14:30:01,77.5132275132275
14:30:05,77.01863354037268
14:30:09,73.35243553008596
14:30:13,80.89887640449437
14:30:17,76.92047354869536
14:30:21,75.01134958280498
14:30:25,80.36796536796538
14:30:29,76.96629213483146
14:30:33,80.72916666666666
14:30:37,80.70719602977667
14:30:41,73.07226261291034
14:30:45,75.67155826389754
14:30:49,79.67297762478486
14:30:53,78.10457516339869
14:30:57,75.51713866105077
14:31:01,75.28626357375248
14:31:05,75.24347937813182
14:31:09,78.62595419847328
14:31:13,76.12612612612612
14:31:17,79.05298313143892
14:31:21,70.95959595959596
14:31:25,72.44582043343654
14:31:29,78.88670752729362
14:31:33,77.78885578832725
14:31:37,71.37404580152672
14:31:41,74.43181818181817
14:31:45,80.54607508532423
14:31:49,82.3170731707317
14:31:53,73.39261285909713
14:31:57,78.03877703206564
14:32:01,70.60931899641577
14:32:05,71.61290322580646
14:32:09,82.56828356676387
14:32:13,77.83717357910906
14:32:17,72.03634085213034
14:32:21,73.79679144385027
14:32:25,72.75204359673025
14:32:29,78.4090909090909
14:32:33,80.25641025641026
14:32:37,74.3455497382199
14:32:41,81.92256695836649
14:32:45,77.13004484304933
14:32:49,75.05560800755309
14:32:53,75.84541062801932
14:32:57,80.8448275862069
14:33:01,77.21518987341773
14:33:05,76.85589519650655
14:33:09,76.54037886340976
14:33:13,73.86666666666667
14:33:17,77.73109243697479
14:33:21,79.68236845259499
14:33:25,82.31132075471697
14:33:29,80.24691358024691
14:33:33,76.17349501327402
14:33:37,80.69620253164557
14:33:41,73.00623564161471
14:33:45,74.59893048128342
14:33:49,79.19463087248322
14:33:53,73.45652173913044
14:33:57,77.22772277227723
14:34:01,71.24982969253826
14:34:05,71.71543744401315
14:34:09,77.10280373831776
14:34:13,82.41469816272966
14:34:17,71.25792811839324
14:34:21,71.29411764705881
14:34:25,80.54330781293238
14:34:29,77.44128196228162
14:34:33,83.33333333333334
14:34:37,79.3010752688172
14:34:41,73.18861414606094
14:34:45,78.44311377245509
14:34:49,75.98517872711422
14:34:53,72.0
14:34:57,71.3527851458886
14:35:01,79.93920972644378
14:35:05,82.37410071942446
14:35:09,76.29427792915531
14:35:13,75.94339622641509
14:35:17,79.72222222222223
14:35:21,77.52043596730245
14:35:25,75.97992661342543
14:35:29,77.69046978058958
14:35:33,83.6454328907337
14:35:37,77.86877425100185
14:35:41,70.25316455696202
14:35:45,75.47831632653062
14:35:49,76.21446096117765
14:35:53,80.0
14:35:57,76.92307692307693
14:36:01,77.61457655480153
14:36:05,67.62589928057554
14:36:09,75.4042047199881
14:36:13,74.75165290615439
14:36:17,72.6027397260274
14:36:21,76.72782418456643
14:36:25,78.34757834757835
14:36:29,77.47030082391262
14:36:33,81.29032258064515
14:36:37,78.73819500506156
14:36:41,75.61615226143
14:36:45,80.72747431281286
14:36:49,80.97826086956522
14:36:53,78.20768431983385
14:36:57,79.19090786091192
14:37:01,76.38633578431373
14:37:05,81.21693121693121
14:37:09,75.20068231988762
14:37:13,73.11827956989248
14:37:17,74.19354838709677
14:37:21,79.97699172631773
14:37:25,83.66615515771527
14:37:29,78.90514109750524
14:37:33,78.8135593220339
14:37:37,74.79224376731301
14:37:41,81.07405912622339
14:37:45,80.4
14:37:49,76.04011094516748
14:37:53,81.42493638676844
14:37:57,74.6268656716418
14:38:01,78.89693271110048
14:38:05,76.5938498611766
14:38:09,73.98333010273309
14:38:13,74.1514360313316
14:38:17,79.06659602856918
14:38:21,73.9240506329114
14:38:25,83.92434988179669
14:38:29,72.83832212434088
14:38:33,75.45787545787546
14:38:37,74.77583798882681
14:38:41,71.40609676364825
14:38:45,80.13392857142857
14:38:49,80.72289156626506
14:38:53,77.31343283582089
14:38:57,80.1909307875895
14:39:01,81.45896656534954
14:39:05,77.67688215349455
14:39:09,76.50244798041615
14:39:13,72.28571428571429
14:39:17,79.30537736061403
14:39:21,82.71186440677965
14:39:25,72.29916897506925
14:39:29,75.73770491803279
14:39:33,78.06324110671937
14:39:37,75.81395348837209
14:39:41,77.85885167464114
14:39:45,81.21387283236994
14:39:49,74.62490443425077
14:39:53,79.77114688512098
14:39:57,82.33766233766234
14:40:01,77.02641499805443
14:40:05,72.18934911242604
14:40:09,78.40177433503816
14:40:13,76.45161290322581
14:40:17,75.83148558758315
14:40:21,70.36492978566149
14:40:25,80.30099502487562
14:40:29,77.28564354100835
14:40:33,78.15240345037402
14:40:37,80.1955990220049
14:40:41,79.87012987012987
14:40:45,79.70588235294119
14:40:49,76.00620008406894
14:40:53,74.6430346356755
14:40:57,80.93941004517673
14:41:01,80.51282051282051
14:41:05,79.59183673469387
14:41:09,74.80719794344472
14:41:13,77.93696275071633
14:41:17,77.86666666666666
14:41:21,83.07935515252588
14:41:25,74.1839762611276
14:41:29,74.03235653235653
14:41:33,77.20715479174125
14:41:37,81.65649024012149
14:41:41,80.13621650782234
14:41:45,79.90074441687345
14:41:49,80.4812834224599
14:41:53,74.27628155087172
14:41:57,80.29556650246306
14:42:01,75.41779127305443
14:42:05,78.34549878345499
14:42:09,71.712158808933
14:42:13,79.74358974358975
14:42:17,77.9033041788144
14:42:21,81.69398907103826
14:42:25,79.95286266617234
14:42:29,77.32426303854876
14:42:33,78.56775210084032
14:42:37,76.23386753651964
14:42:41,77.4901304419015
14:42:45,81.57894736842105
14:42:49,78.2051282051282
14:42:53,75.25773195876289
14:42:57,71.2401055408971
14:43:01,74.81838751935214
14:43:05,78.125
14:43:09,76.63316582914574
14:43:13,76.53685226906984
14:43:17,82.08232445520581
14:43:21,77.67707082833132
14:43:25,76.51715039577837
14:43:29,73.41657767189682
14:43:33,80.56742632734469
14:43:37,76.88564476885644
14:43:41,78.73325995230232
14:43:45,76.92307692307693
14:43:49,84.72684473796058
14:43:53,74.47916666666666
14:43:57,74.65108894886487
14:44:01,74.45652173913044
14:44:05,72.22222222222221
14:44:09,80.01153428794743
14:44:13,78.31249059340237
14:44:17,81.2807881773399
14:44:21,75.96097965960979
14:44:25,73.9514348785872
14:44:29,77.44360902255639
14:44:33,76.19203228006366
14:44:37,74.38790041693117
14:44:41,78.03468208092485
14:44:45,71.60194174757282
14:44:49,80.06766226485611
14:44:53,79.29292929292929
14:44:57,77.62452107279694
14:45:01,77.80811065433369
14:45:05,80.41958041958041
14:45:09,76.22222222222223
14:45:13,77.85673515981735
14:45:17,76.03936736801604
14:45:21,80.23598820058997
14:45:25,81.05015392220749
14:45:29,78.9788566028821
14:45:33,77.45740790295245
14:45:37,77.14285714285715
14:45:41,80.73710817354886
14:45:45,80.04434589800444
14:45:49,79.56403269754769
14:45:53,75.66894766855287
14:45:57,79.13942683277826
14:46:01,79.48113207547169
14:46:05,78.64406779661017
14:46:09,78.98550724637681
14:46:13,72.09302325581395
14:46:17,77.21064814814815
14:46:21,81.31425502531839
14:46:25,77.11864406779661
14:46:29,76.99756579948274
14:46:33,76.50240963855421
14:46:37,80.65693430656934
14:46:41,77.9475982532751
14:46:45,78.18181818181819
14:46:49,76.73074769494941
14:46:53,73.4226584013684
14:46:57,77.58241758241759
14:47:01,77.93296089385476
14:47:05,81.95329087048833
14:47:09,78.31018405308032
14:47:13,74.63117618924984
14:47:17,79.32885906040268
14:47:21,80.3357314148681
14:47:25,74.62121212121212
14:47:29,75.91623036649214
14:47:33,80.86712861993762
14:47:37,78.9838337182448
14:47:41,77.6923076923077
14:47:45,81.31313131313132
14:47:49,75.71554547745023
14:47:53,75.0
14:47:57,82.57084005672094
14:48:01,74.80106100795756
14:48:05,76.55995413674492
14:48:09,79.09604519774011
14:48:13,75.32624894271176
14:48:17,81.35048231511254
14:48:21,76.13065326633166
14:48:25,81.37361981771957
14:48:29,83.4862385321101
14:48:33,77.96330653473511
14:48:37,80.7017543859649
14:48:41,78.27225130890052
14:48:45,77.99442896935933
14:48:49,80.68181818181817
14:48:53,80.83989501312337
14:48:57,82.25419664268586
14:49:01,78.09547806221863
14:49:05,77.96393857714612
14:49:09,78.17491552375273
14:49:13,77.72609819121448
14:49:17,84.34667974737874
14:49:21,77.29591836734694
14:49:25,78.57142857142857
14:49:29,78.65853658536585
14:49:33,79.56317737245571
14:49:37,86.17363344051448
14:49:41,80.91731305527195
14:49:45,80.77922077922078
14:49:49,83.33026121761112
14:49:53,78.6697247706422
14:49:57,83.38592782726862
14:50:01,83.24614443916028
14:50:05,82.5518637206949
14:50:09,83.24607329842932
14:50:13,74.56838132571572
14:50:17,81.54613466334165
14:50:21,82.66057605978986
14:50:25,77.5192420741794
14:50:29,83.10502283105022
14:50:33,78.66651496188418
14:50:37,79.85766045548655
14:50:41,77.16845358833189
14:50:45,84.38438438438438
14:50:49,76.75070028011206
14:50:53,83.68983957219251
14:50:57,80.89330024813896
14:51:01,85.47945205479452
14:51:05,81.88969339411817
14:51:09,75.43859649122807
14:51:13,73.65591397849462
14:51:17,83.95127805890749
14:51:21,83.99136828644501
14:51:25,77.15736040609137
14:51:29,79.66942148760332
14:51:33,78.04878048780488
14:51:37,73.34337954591119
14:51:41,81.79271708683473
14:51:45,80.51327088212335
14:51:49,82.33944954128441
14:51:53,82.39472206625491
14:51:57,81.01349703658937
14:52:01,79.13669064748201
14:52:05,79.78142076502732
14:52:09,80.28012085252983
14:52:13,82.40979052404735
14:52:17,78.71794871794872
14:52:21,78.14392079855998
14:52:25,78.65168539325843
14:52:29,76.05633802816901
14:52:33,78.73262235764616
14:52:37,70.02994011976047
14:52:41,76.03529723405664
14:52:45,79.42343295424492
14:52:49,81.82579025300973
14:52:53,78.53658536585367
14:52:57,70.70707070707071
14:53:01,86.55804480651732
14:53:05,82.08516593362656
14:53:09,81.66087344028521
14:53:13,86.94453751762245
14:53:17,79.00262467191601
14:53:21,85.91996303799267
14:53:25,80.78532720476454
14:53:29,83.24688271532824
14:53:33,80.5587385412515
14:53:37,78.39255731076311
14:53:41,73.54651162790698
14:53:45,84.90566037735849
14:53:49,86.81318681318682
14:53:53,83.93323169943929
14:53:57,84.36471775330756
14:54:01,84.2670854198628
14:54:05,85.57457212713936
14:54:09,85.85131894484412
14:54:13,79.30145696999628
14:54:17,81.70963093998316
14:54:21,79.11646586345381
14:54:25,85.67770570160465
14:54:29,86.04651162790698
14:54:33,85.57546828052081
14:54:37,86.01895734597157
14:54:41,80.68645251396647
14:54:45,87.0
14:54:49,84.14652682778538
14:54:53,83.41584158415841
14:54:57,80.2595245783879
14:55:01,82.60986996951807
14:55:05,84.86238532110092
14:55:09,82.5
14:55:13,84.31876606683805
14:55:17,86.2112858831406
14:55:21,84.85127213769019
14:55:25,82.04419889502762
14:55:29,86.03351955307262
14:55:33,82.82828282828282
14:55:37,83.69565217391305
14:55:41,80.31640120533793
14:55:45,80.5828722002635
14:55:49,83.08605341246292
14:55:53,84.4849982171056
14:55:57,82.80385566737789
14:56:01,80.70945384218217
14:56:05,82.815282648209
14:56:09,83.33333333333334
14:56:13,83.54565961183273
14:56:17,83.50203977562468
14:56:21,84.16230366492145
14:56:25,80.48780487804879
14:56:29,83.36236090953074
14:56:33,77.66497461928934
14:56:37,84.00597080937638
14:56:41,83.13609467455622
14:56:45,85.4764497207685
14:56:49,83.24114472816282
14:56:53,78.18332753126423
14:56:57,82.35203642180386
14:57:01,82.23350253807106
14:57:05,81.93473193473193
14:57:09,77.08333333333334
14:57:13,80.7166198374041
14:57:17,83.04347826086956
14:57:21,82.95165394402035
14:57:25,83.13953488372093
14:57:29,76.23529411764706
14:57:33,78.44155844155844
14:57:37,85.74813811780636
14:57:41,84.61229946524065
14:57:45,82.15962441314554
14:57:49,81.26582278481013
14:57:53,80.80155020809595
14:57:57,84.76285884710093
14:58:01,77.15189873417721
14:58:05,85.79911787116816
14:58:09,83.17927645513852
14:58:13,80.25270758122744
14:58:17,84.17910447761194
14:58:21,80.0
14:58:25,84.67741935483872
14:58:29,82.94117647058825
14:58:33,80.84656084656086
14:58:37,84.09542743538768
14:58:41,81.56028368794325
14:58:45,86.9186046511628
14:58:49,83.79598026213138
14:58:53,84.91956782713085
14:58:57,80.45325779036827
14:59:01,82.75910964342883
14:59:05,84.73684210526315
14:59:09,86.76470588235294
14:59:13,80.82969432314411
14:59:17,83.33584303999291
14:59:21,78.92857142857143
14:59:25,85.46078865750997
14:59:29,82.7196447441252
14:59:33,79.46428571428571
14:59:37,84.73824312333629
14:59:41,82.04488778054862
14:59:45,81.78137651821862
14:59:49,82.88912043690716
14:59:53,86.44334292719327
14:59:57,83.24172726760246
15:00:01,81.65680473372781
15:00:05,81.93717277486911
15:00:09,81.57894736842105
15:00:13,83.32725660933099
15:00:17,84.51776649746193
15:00:21,86.4
15:00:25,82.72312282889462
15:00:29,84.50473877149585
15:00:33,80.82901554404145
15:00:37,85.15625
15:00:41,82.42574257425743
15:00:45,85.79545454545455
15:00:49,88.08510638297872
15:00:53,78.4090909090909
15:00:57,86.46153846153845
15:01:01,80.4043600562588
15:01:05,80.15463917525774
15:01:09,84.59313641177908
15:01:13,72.87146883397784
15:01:17,81.31010287375602
15:01:21,82.65895953757226
15:01:25,85.25798525798525
15:01:29,82.14935760171306
15:01:33,85.20382089250901
15:01:37,86.28428927680798
15:01:41,82.70833333333333
15:01:45,82.64058679706602
15:01:49,81.4095928226363
15:01:53,80.87271768505701
15:01:57,81.79678530424799
15:02:01,85.71428571428571
15:02:05,83.1858407079646
15:02:09,80.73170731707317
15:02:13,84.16552197802199
15:02:17,79.85754555521997
15:02:21,79.18781725888326
15:02:25,82.24543080939948
15:02:29,85.785536159601
15:02:33,76.00644122383254
15:02:37,80.90774952195974
15:02:41,84.40860215053763
15:02:45,80.93385214007782
15:02:49,79.83957219251336
15:02:53,80.74206394729511
15:02:57,84.1513007076647
15:03:01,82.76699029126213
15:03:05,83.65650969529086
15:03:09,84.04664793906326
15:03:13,81.14406779661016
15:03:17,82.04488778054862
15:03:21,85.45918367346938
15:03:25,83.53078835746672
15:03:29,82.7533581593297
15:03:33,83.83384254424979
15:03:37,84.37118437118437
15:03:41,80.07518796992481
15:03:45,82.53285356695869
15:03:49,83.0463308090604
15:03:53,84.7255369928401
15:03:57,81.94444444444444
15:04:01,77.4294670846395
15:04:05,82.29166666666666
15:04:09,80.95602448453609
15:04:13,84.50640515307231
15:04:17,82.54815200416449
15:04:21,85.83681956580934
15:04:25,81.30081300813008
15:04:29,84.92793973141173
15:04:33,81.28958436417615
15:04:37,81.25
15:04:41,77.90102279443887
15:04:45,85.34031413612566
15:04:49,80.59791659863501
15:04:53,87.18937223235217
15:04:57,83.84782245953613
15:05:01,82.56197854265717
15:05:05,84.28246013667426
15:05:09,80.90658021133525
15:05:13,83.63171355498721
15:05:17,83.71428571428572
15:05:21,83.59550561797752
15:05:25,86.9588324271289
15:05:29,85.58707210392605
15:05:33,83.56807511737088
15:05:37,82.2771731643477
15:05:41,79.54607695467617
15:05:45,86.5423669467787
15:05:49,81.76100628930818
15:05:53,82.5278810408922
15:05:57,86.02409638554217
15:06:01,86.64049235993208
15:06:05,81.70103092783505
15:06:09,79.85948477751757
15:06:13,81.7948717948718
15:06:17,85.4244065542998
15:06:21,77.93511428221223
15:06:25,82.60588842975207
15:06:29,86.38888888888889
15:06:33,84.10842512876424
15:06:37,82.87232505498386
15:06:41,84.00954653937947
15:06:45,85.51874925122797
15:06:49,82.18181818181817
15:06:53,80.82697898117286
15:06:57,80.88005612836314
15:07:01,84.86434108527132
15:07:05,80.13843993861624
15:07:09,86.88801171452218
15:07:13,81.88305427163365
15:07:17,83.74233128834356
15:07:21,86.02941176470588
15:07:25,82.90398126463701
15:07:29,80.93922651933701
15:07:33,82.75
15:07:37,83.45323741007195
15:07:41,86.24025974025975
15:07:45,83.08157099697885
15:07:49,84.21823906988011
15:07:53,84.41247002398082
15:07:57,80.42829163963185
15:08:01,82.40963855421687
15:08:05,82.80028635554524
15:08:09,80.80568720379146
15:08:13,84.18447107868681
15:08:17,83.70535714285714
15:08:21,81.437125748503
15:08:25,82.61675999886296
15:08:29,82.16180948238365
15:08:33,81.36986301369863
15:08:37,80.33823974190946
15:08:41,84.01826484018264
15:08:45,86.39623128866803
15:08:49,83.69098712446352
15:08:53,81.62841838950511
15:08:57,88.42592592592592
15:09:01,84.19540229885058
15:09:05,86.82971862485047
15:09:09,82.62711864406779
15:09:13,81.27853881278538
15:09:17,88.00444668176861
15:09:21,83.70548433048432
15:09:25,84.67059022779236
15:09:29,83.60655737704919
15:09:33,78.16330674937232
15:09:37,84.19955589073236
15:09:41,80.27522935779817
15:09:45,87.7611187830166
15:09:49,84.62621359223301
15:09:53,81.73528668855772
15:09:57,83.83458646616542
15:10:01,77.96610169491525
15:10:05,82.92079207920791
15:10:09,78.1094527363184
15:10:13,84.13461538461539
15:10:17,83.86297047554653
15:10:21,84.36018957345972
15:10:25,85.88588588588588
15:10:29,83.52733471325946
15:10:33,89.28052102320437
15:10:37,86.28841607565012
15:10:41,82.73855993274081
15:10:45,82.15202876219824
15:10:49,83.69764735175073
15:10:53,76.10619469026548
15:10:57,84.69645108989371
15:11:01,80.67524115755627
15:11:05,84.90583309453307
15:11:09,81.81818181818183
15:11:13,83.72730154417425
15:11:17,83.43023255813954
15:11:21,82.9562133072407
15:11:25,85.73252616164864
15:11:29,83.41836734693877
15:11:33,84.13793103448276
15:11:37,81.95569620253164
15:11:41,79.8469387755102
15:11:45,78.64952394866924
15:11:49,86.32261240564489
15:11:53,84.21546115575967
15:11:57,76.39593908629442
15:12:01,86.88946015424165
15:12:05,83.94736842105263
15:12:09,85.00593267969775
15:12:13,82.90816326530613
15:12:17,76.72120696982576
15:12:21,76.94358957157593
15:12:25,87.93335696561503
15:12:29,81.91780821917808
15:12:33,82.36775818639799
15:12:37,83.63423959218352
15:12:41,81.64893617021278
15:12:45,86.12334801762115
15:12:49,84.02203856749311
15:12:53,84.03041825095056
15:12:57,83.9512587822014
15:13:01,90.31364489321776
15:13:05,84.8979659225994
15:13:09,85.66308243727599
15:13:13,84.19864559819413
15:13:17,85.39261833381994
15:13:21,84.71760797342192
15:13:25,87.86516853932585
15:13:29,82.12081128747795
15:13:33,82.18181818181817
15:13:37,82.067491079119
15:13:41,83.26086956521739
15:13:45,85.40208101077667
15:13:49,84.30568499534017
15:13:53,87.59672490341926
15:13:57,84.32815460401667
15:14:01,84.25925925925925
15:14:05,84.29319371727748
15:14:09,83.63070130268535
15:14:13,84.94623655913979
15:14:17,84.16149068322981
15:14:21,87.38317757009347
15:14:25,85.45849344034923
15:14:29,83.43051588920622
15:14:33,83.88429752066115
15:14:37,87.6461038961039
15:14:41,88.25663445313698
15:14:45,82.45009567151058
15:14:49,83.09760004133406
15:14:53,81.5028901734104
15:14:57,85.21061170532388
15:15:01,86.5564629911005
15:15:05,80.97558685446009
15:15:09,82.22222222222221
15:15:13,88.76050420168067
15:15:17,83.54425334927495
15:15:21,85.54693307168554
15:15:25,82.7354260089686
15:15:29,85.90078328981723
15:15:33,80.81180811808119
15:15:37,84.72222222222221
15:15:41,82.19303046889253
15:15:45,86.15369496855347
15:15:49,77.90697674418605
15:15:53,79.08432147562583
15:15:57,81.20950323974083
15:16:01,81.65829145728644
15:16:05,84.11764705882354
15:16:09,81.07076451930439
15:16:13,86.27414790205488
15:16:17,82.23844282238443
15:16:21,86.20689655172413
15:16:25,79.74683544303798
15:16:29,84.7457627118644
15:16:33,85.20710059171599
15:16:37,83.02556004126285
15:16:41,83.66013071895425
15:16:45,81.44329896907216
15:16:49,83.93458393458393
15:16:53,82.39721806497052
15:16:57,86.02191641182468
15:17:01,79.47598253275109
15:17:05,79.09604519774011
15:17:09,78.3289817232376
15:17:13,86.05200945626478
15:17:17,81.36696451490668
15:17:21,87.3508353221957
15:17:25,85.25472221826827
15:17:29,80.65217391304348
15:17:33,86.37770897832817
15:17:37,81.17647058823529
15:17:41,79.76904286031534
15:17:45,83.16498316498317
15:17:49,80.40240736370073
15:17:53,84.63541666666666
15:17:57,79.65714045910445
15:18:01,81.79271708683473
15:18:05,83.0246913580247
15:18:09,88.88684894362218
15:18:13,83.76470588235294
15:18:17,84.90566037735849
15:18:21,86.38888888888889
15:18:25,83.1365461623717
15:18:29,81.6711590296496
15:18:33,84.0
15:18:37,82.47011952191235
15:18:41,84.14985590778097
15:18:45,79.32816537467701
15:18:49,78.87110377375419
15:18:53,85.785536159601
15:18:57,84.14634146341463
15:19:01,82.90240518038853
15:19:05,84.30233328914225
15:19:09,87.95180722891565
15:19:13,80.76109936575054
15:19:17,85.24590163934425
15:19:21,85.3374124323845
15:19:25,86.35346756152126
15:19:29,84.74486222801806
15:19:33,83.83594180769394
15:19:37,82.8625738505009
15:19:41,84.26461855180332
15:19:45,85.46255506607929
15:19:49,86.14318706697459
15:19:53,86.0975260975261
15:19:57,83.9189731247493
15:20:01,80.15162391224955
15:20:05,84.52088452088452
15:20:09,85.07157464212679
15:20:13,81.98529411764706
15:20:17,85.91053187742162
15:20:21,79.5312297943877
15:20:25,86.76586992240438
15:20:29,81.09452736318407
15:20:33,81.68648010864
15:20:37,80.97474747474746
15:20:41,80.41828832016353
15:20:45,82.2931318570912
15:20:49,82.54716981132076
15:20:53,83.11345646437994
15:20:57,82.6296275579918
15:21:01,84.32432432432432
15:21:05,81.28146453089245
15:21:09,84.06466512702079
15:21:13,83.76811594202898
15:21:17,85.26742781051956
15:21:21,80.0925925925926
15:21:25,84.55114822546973
15:21:29,83.78378378378379
15:21:33,82.77332799359232
15:21:37,85.59787430355938
15:21:41,86.81462140992167
15:21:45,82.35212369188207
15:21:49,86.10354223433242
15:21:53,82.35857022234731
15:21:57,85.32818532818533
15:22:01,87.03703703703704
15:22:05,86.34020618556701
15:22:09,83.37595907928389
15:22:13,83.6322869955157
15:22:17,84.41926345609065
15:22:21,84.71910112359551
15:22:25,85.30876280558374
15:22:29,83.1953672942045
15:22:33,82.89855072463767
15:22:37,78.70967741935485
15:22:41,82.80024999131975
15:22:45,77.77777777777779
15:22:49,83.27913094972284
15:22:53,83.7150127226463
15:22:57,81.35593220338984
15:23:01,84.74601361925306
15:23:05,81.81818181818183
15:23:09,78.70727036604961
15:23:13,84.00665124349335
15:23:17,83.33333333333334
15:23:21,81.86813186813187
15:23:25,86.58892128279884
15:23:29,85.25179856115108
15:23:33,84.95222691466739
15:23:37,79.53964194373401
15:23:41,82.55528255528255
15:23:45,86.52291105121293
15:23:49,84.86486486486487
15:23:53,84.9002849002849
15:23:57,84.61538461538461
15:24:01,83.24209840338872
15:24:05,83.65080990663458
15:24:09,84.50704225352112
15:24:13,83.40360892589305
15:24:17,85.49289711579854
15:24:21,84.63768115942028
15:24:25,85.99357174062285
15:24:29,82.89473684210526
15:24:33,86.9767441860465
15:24:37,82.85176861442251
15:24:41,82.12629640272733
15:24:45,83.33333333333334
15:24:49,83.399209486166
15:24:53,78.97678951098513
15:24:57,85.15625
15:25:01,82.65682656826569
15:25:05,85.75197889182058
15:25:09,83.20987654320989
15:25:13,84.7560975609756
15:25:17,85.01344086021506
15:25:21,82.06346330249255
15:25:25,80.78175895765473
15:25:29,82.75561369086549
15:25:33,78.61773058402272
15:25:37,85.93382961124897
15:25:41,85.33916849015317
15:25:45,84.4097995545657
15:25:49,85.09158282677447
15:25:53,82.23072717331877
15:25:57,80.96774193548387
15:26:01,83.12236286919831
15:26:05,85.19697572622363
15:26:09,84.85457996872265
15:26:13,82.45125348189416
15:26:17,87.22704921448513
15:26:21,83.02795828588016
15:26:25,86.72507079288026
15:26:29,88.19672131147541
15:26:33,89.37557008209183
15:26:37,83.27471438013407
15:26:41,83.39349974295996
15:26:45,88.04690036848272
15:26:49,83.60215053763442
15:26:53,85.34031413612566
15:26:57,83.20594965675056
15:27:01,80.78476707990716
15:27:05,77.21506822986738
15:27:09,84.5433255269321
15:27:13,83.42550695491873
15:27:17,83.17922374429223
15:27:21,80.67507650034347
15:27:25,80.13392857142857
15:27:29,83.01102237476074
15:27:33,82.49196207187815
15:27:37,83.84146341463415
15:27:41,81.72839506172839
15:27:45,82.74111675126903
15:27:49,85.26645768025078
15:27:53,81.95747486783198
15:27:57,84.17140482442056
15:28:01,82.7907534794433
15:28:05,78.96039603960396
15:28:09,84.2282875578142
15:28:13,86.71699962658701
15:28:17,83.47107438016529
15:28:21,85.2226503960608
15:28:25,82.3718317735489
15:28:29,84.06291510687116
15:28:33,84.42367601246106
15:28:37,89.38893844781445
15:28:41,81.98198198198197
15:28:45,81.77874186550976
15:28:49,77.7580283793876
15:28:53,83.89423076923077
15:28:57,86.46080760095012
15:29:01,81.87591240875912
15:29:05,84.32203389830508
15:29:09,84.75073313782991
15:29:13,79.90163363607348
15:29:17,85.26818715484629
15:29:21,81.05263157894737
15:29:25,85.18518518518519
15:29:29,84.45945945945947
15:29:33,80.80026268880758
15:29:37,85.0584934300302
15:29:41,85.85714285714286
15:29:45,83.95290840242214
15:29:49,82.3960880195599
15:29:53,84.76190476190476
15:29:57,86.53908355795149
15:30:01,83.69043374925728
15:30:05,81.03457249070631
15:30:09,82.12759815242494
15:30:13,86.11111111111111
15:30:17,82.26056552143508
15:30:21,86.39618138424821
15:30:25,84.28571428571429
15:30:29,84.65085284660714
15:30:33,81.3157894736842
15:30:37,81.41809290953546
15:30:41,83.75540679374677
15:30:45,86.18421052631578
15:30:49,84.31372549019608
15:30:53,83.6335126104606
15:30:57,80.82901554404145
15:31:01,81.18697061725548
15:31:05,84.8094777012018
15:31:09,80.9090909090909
15:31:13,84.91051631295534
15:31:17,85.86666666666667
15:31:21,82.1522309711286
15:31:25,77.63575605680869
15:31:29,81.56424581005587
15:31:33,79.67296673859663
15:31:37,81.86666666666666
15:31:41,84.22459893048129
15:31:45,86.26198083067092
15:31:49,79.77800403787245
15:31:53,85.37661131745685
15:31:57,85.97883597883597
15:32:01,82.12575795652987
15:32:05,83.5659706109822
15:32:09,85.65114443567484
15:32:13,84.32835820895522
15:32:17,85.80645161290322
15:32:21,82.30337078651685
15:32:25,86.7773666243054
15:32:29,88.10975609756098
15:32:33,82.21649484536083
15:32:37,81.9513921661161
15:32:41,80.51755447941889
15:32:45,84.74178403755869
15:32:49,83.95989974937343
15:32:53,84.22008196012656
15:32:57,85.25641025641025
15:33:01,82.38636363636364
15:33:05,84.23645320197043
15:33:09,84.83290488431876
15:33:13,84.13441567432844
15:33:17,83.20802005012531
15:33:21,83.08457711442786
15:33:25,83.47107438016529
15:33:29,84.61538461538461
15:33:33,83.41463414634146
15:33:37,84.4894413258487
15:33:41,80.80006175698627
15:33:45,81.8828781512605
15:33:49,81.47138964577657
15:33:53,78.73563218390804
15:33:57,82.80826975141521
15:34:01,84.31926641366843
15:34:05,80.53030303030303
15:34:09,82.01757494153496
15:34:13,83.2512315270936
15:34:17,84.20223194088372
15:34:21,83.04785485245769
15:34:25,84.40366972477065
15:34:29,84.26995012468828
15:34:33,83.91081070109203
15:34:37,83.80743982494529
15:34:41,84.593837535014
15:34:45,84.16666666666667
15:34:49,82.20613933646852
15:34:53,84.7223988133079
15:34:57,81.57968574635241
15:35:01,79.50180072028812
15:35:05,78.13223456449249
15:35:09,83.62599179935034
15:35:13,83.16326530612244
15:35:17,84.9435382685069
15:35:21,84.58378558904568
15:35:25,86.38484332639808
15:35:29,82.52937323168268
15:35:33,85.36585365853658
15:35:37,86.08654115399186
15:35:41,85.42199488491049
15:35:45,88.38558838558839
15:35:49,84.93150684931507
15:35:53,84.7063513154398
15:35:57,84.12698412698413
15:36:01,82.48583152736508
15:36:05,83.07692307692308
15:36:09,86.81887402116524
15:36:13,84.08037825059101
15:36:17,83.92158266513935
15:36:21,83.69565217391303
15:36:25,84.42622950819673
15:36:29,81.47268408551069
15:36:33,84.3815112471829
15:36:37,79.66101694915254
15:36:41,85.23490322730547
15:36:45,84.1072436983418
15:36:49,82.44803695150115
15:36:53,83.94090719933416
15:36:57,86.5004492362983
15:37:01,75.94202898550725
15:37:05,82.0051413881748
15:37:09,85.59837728194725
15:37:13,82.00836820083683
15:37:17,82.71561771561771
15:37:21,82.92682926829268
15:37:25,83.44123167314963
15:37:29,76.20396600566572
15:37:33,82.16678545972916
15:37:37,80.5632560483871
15:37:41,84.50516431924882
15:37:45,84.5372934690343
15:37:49,81.34508807229341
15:37:53,81.10886107020127
15:37:57,83.50551739668957
15:38:01,84.73690571606683
15:38:05,81.28704558811182
15:38:09,85.22486772486772
15:38:13,84.82570939334637
15:38:17,83.1822971548999
15:38:21,84.39024390243902
15:38:25,82.82828282828282
15:38:29,82.48440748440748
15:38:33,87.85529715762273
15:38:37,80.72180998656572
15:38:41,83.24697579965053
15:38:45,80.38028720992078
15:38:49,87.02290076335878
15:38:53,83.3456281188978
15:38:57,82.9896907216495
15:39:01,84.28762814538678
15:39:05,84.52830782794886
15:39:09,79.76190476190477
15:39:13,82.17821782178217
15:39:17,84.71615720524017
15:39:21,84.72198984998047
15:39:25,88.48109877960624
15:39:29,85.76512455516014
15:39:33,84.71502590673575
15:39:37,79.29292929292929
15:39:41,83.26316627485507
15:39:45,81.97183098591549
15:39:49,83.45959595959596
15:39:53,87.11626025063114
15:39:57,82.97872340425532
15:40:01,84.99089695351377
15:40:05,82.67477203647417
15:40:09,84.84330484330485
15:40:13,83.5734870317003
15:40:17,82.19638242894057
15:40:21,85.25464201902095
15:40:25,83.00065530799476
15:40:29,85.07462686567165
15:40:33,86.5466297322253
15:40:37,85.07489740578008
15:40:41,83.73333333333333
15:40:45,82.25055432372505
15:40:49,83.09942213661283
15:40:53,87.15187268486761
15:40:57,80.16528925619835
15:41:01,85.08997429305913
15:41:05,84.06457234135243
15:41:09,81.98686371100163
15:41:13,84.409187684245
15:41:17,87.43465336385691
15:41:21,84.10852713178295
15:41:25,84.54545454545455
15:41:29,83.47253972679118
15:41:33,84.43271767810026
15:41:37,77.67382218844985
15:41:41,86.48018648018649
15:41:45,86.07594936708861
15:41:49,83.48108816858817
15:41:53,83.87909319899244
15:41:57,77.79335500359792
15:42:01,84.78260869565217
15:42:05,85.86723517446408
15:42:09,84.20631655925774
15:42:13,84.6590909090909
15:42:17,86.20820668693008
15:42:21,83.73333333333333
15:42:25,77.61893121868101
15:42:29,87.35632183908046
15:42:33,85.16483516483517
15:42:37,80.17815546544733
15:42:41,86.56716417910447
15:42:45,82.32189973614776
15:42:49,79.094471460271
15:42:53,82.3177863638753
15:42:57,83.81642512077295
15:43:01,85.19362186788155
15:43:05,81.69642857142857
15:43:09,85.06024096385542
15:43:13,85.69449405988661
15:43:17,83.19672131147541
15:43:21,87.53387533875339
15:43:25,84.45475638051045
15:43:29,84.0909090909091
15:43:33,82.7906976744186
15:43:37,82.21153846153845
15:43:41,82.30958230958231
15:43:45,80.86451116243263
15:43:49,89.21282798833819
15:43:53,83.46456692913385
15:43:57,82.21153846153845
15:44:01,80.91168091168092
15:44:05,83.203125
15:44:09,79.87529491068419
15:44:13,83.00492610837439
15:44:17,84.19452887537993
15:44:21,86.60965390575676
15:44:25,85.33333333333334
15:44:29,85.23623169810244
15:44:33,84.39306358381504
15:44:37,82.85837651122625
15:44:41,80.637117261666
15:44:45,81.91780821917808
15:44:49,84.01015228426397
15:44:53,83.58665834677468
15:44:57,83.63499245852188
15:45:01,80.34335117332235
15:45:05,83.66399983353968
15:45:09,79.95049504950495
15:45:13,87.58782201405153
15:45:17,81.93193193193193
15:45:21,81.25
15:45:25,78.72928176795581
15:45:29,86.58008658008657
15:45:33,81.2688821752266
15:45:37,84.84848484848484
15:45:41,83.33333333333334
15:45:45,81.01014447767933
15:45:49,82.69459255113362
15:45:53,86.57894736842105
15:45:57,83.5734870317003
15:46:01,85.09316770186336
15:46:05,83.5820895522388
15:46:09,84.743265993266
15:46:13,82.76932182648548
15:46:17,81.35135135135135
15:46:21,82.58426966292134
15:46:25,82.48031496062993
15:46:29,85.23714031066972
15:46:33,82.7683615819209
15:46:37,82.11318558996155
15:46:41,84.12776412776412
15:46:45,83.79807449335422
15:46:49,81.70731707317073
15:46:53,84.3632422579791
15:46:57,84.86085673585674
15:47:01,81.9047619047619
15:47:05,84.0
15:47:09,83.05555555555556
15:47:13,85.9592039800995
15:47:17,87.3486606467235
15:47:21,83.6424957841484
15:47:25,86.2475442043222
15:47:29,85.08069126433959
15:47:33,84.22273781902551
15:47:37,87.33661152088456
15:47:41,86.1293148764675
15:47:45,83.77558726180148
15:47:49,84.26724137931035
15:47:53,85.77680525164114
15:47:57,82.90598290598291
15:48:01,86.31460927517351
15:48:05,88.00791960558281
15:48:09,87.76315259831745
15:48:13,87.09016393442623
15:48:17,86.08490566037736
15:48:21,87.85249457700651
15:48:25,85.26315789473684
15:48:29,83.93574297188755
15:48:33,83.82746016604172
15:48:37,85.11904761904762
15:48:41,85.09948132953087
15:48:45,85.56263269639066
15:48:49,84.66386554621849
15:48:53,83.49056603773585
15:48:57,
15:49:01,
15:49:05,
15:49:09,
15:49:13,
15:49:17,
15:49:21,
15:49:25,
15:49:29,
15:49:33,
15:49:37,
15:49:41,
15:49:45,
15:49:49,
15:49:53,92.69588313413014
15:49:57,
15:50:01,
